cust_id,cust_key,cust_firstname,cust_lastname,cust_email,cust_phone,cust_gender,cust_create_date
1,CUST000001,Mara,Barakat,mara.barakat@email.com,(298) 888-5689,F,2023-12-27 00:00:00
2,CUST000002,Vikram,Raghavan,vikram.raghavan@email.com,(757) 879-3231,M,2025-10-31 00:00:00
3,CUST000003,Harish,Singh,harish.singh@email.com,(569) 869-5162,M,2024-04-23 00:00:00
4,CUST000004,Tatiana,Zaborowski,tatiana.zaborowski@email.com,(460) 900-7085,F,2020-06-06 00:00:00
5,CUST000005,Esmeralda,Sanchez,esmeralda.sanchez@email.com,(243) 283-6607,M,2025-11-08 00:00:00
6,CUST000006,Sandra,Anderson,sandra.anderson@email.com,(695) 297-4668,F,2021-06-20 00:00:00
7,CUST000007,Linda,Lee,linda.lee@email.com,(629) 558-6744,F,2020-12-03 00:00:00
8,CUST000008,Amir,Nkosi,amir.nkosi@email.com,(637) 498-7687,M,2023-06-26 00:00:00
9,CUST000009,Jessica,Martinez,jessica.martinez@email.com,(261) 824-3777,F,2021-11-07 00:00:00
10,CUST000010,Ivan,Dąbrowski,ivan.dąbrowski@email.com,(825) 837-4746,M,2021-01-04 00:00:00
11,CUST000011,Zainab,Malema,zainab.malema@email.com,(239) 871-4165,F,2023-02-06 00:00:00
12,CUST000012,Amina,Mwangi,amina.mwangi@email.com,(503) 340-6564,F,2023-01-02 00:00:00
13,CUST000013,Jamal,Omar,jamal.omar@email.com,(532) 480-2785,M,2022-07-12 00:00:00
14,CUST000014,Pavel,Kowalski,pavel.kowalski@email.com,(551) 340-2280,M,2025-11-14 00:00:00
15,CUST000015,Yuki,Lim,yuki.lim@email.com,(750) 798-3578,F,2021-12-10 00:00:00
16,CUST000016,Margaret,Walker,margaret.walker@email.com,(396) 593-6752,F,2020-03-23 00:00:00
17,CUST000017,Josefa,Rodriguez,josefa.rodriguez@email.com,(992) 204-2995,F,2021-10-09 00:00:00
18,CUST000018,Tomoe,Tanaka,tomoe.tanaka@email.com,(801) 435-4166,F,2020-01-13 00:00:00
19,CUST000019,Yuki,Wong,yuki.wong@email.com,(241) 246-1551,F,2025-02-09 00:00:00
20,CUST000020,Hae,Cho,hae.cho@email.com,(952) 408-6182,M,2021-08-24 00:00:00
21,CUST000021,Marcus,Moyo,marcus.moyo@email.com,(223) 432-3781,M,2025-09-23 00:00:00
22,CUST000022,Mandla,Williams,mandla.williams@email.com,(852) 712-1529,M,2024-11-25 00:00:00
23,CUST000023,So,Nakajima,so.nakajima@email.com,(814) 571-7825,M,2022-01-06 00:00:00
24,CUST000024,Ifeanyi,Kamau,ifeanyi.kamau@email.com,(293) 589-8274,M,2023-06-02 00:00:00
25,CUST000025,Mara,Walid,mara.walid@email.com,(283) 950-8356,F,2022-11-11 00:00:00
26,CUST000026,Ewa,Antonov,ewa.antonov@email.com,(535) 603-9152,F,2025-08-20 00:00:00
27,CUST000027,Salma,Karim,salma.karim@email.com,(541) 854-5681,F,2024-04-18 00:00:00
28,CUST000028,Christopher,Martin,christopher.martin@email.com,(794) 799-7800,M,2023-10-26 00:00:00
29,CUST000029,Kwame,Kamau,kwame.kamau@email.com,(991) 572-6205,M,2023-04-29 00:00:00
30,CUST000030,Gabriela,Hernandez,gabriela.hernandez@email.com,(743) 674-8490,M,2022-12-08 00:00:00
31,CUST000031,Ivan,Kucharski,ivan.kucharski@email.com,(657) 987-2734,M,2024-09-04 00:00:00
32,CUST000032,Dariusz,Karpov,dariusz.karpov@email.com,(676) 701-8205,M,2021-02-08 00:00:00
33,CUST000033,Paul,White,paul.white@email.com,(795) 560-6751,M,2023-09-19 00:00:00
34,CUST000034,Min,Chen,min.chen@email.com,(715) 428-3725,M,2021-05-11 00:00:00
35,CUST000035,Raj,Chopra,raj.chopra@email.com,(305) 434-4855,M,2025-04-15 00:00:00
36,CUST000036,Adriana,Moreno,adriana.moreno@email.com,(375) 701-7477,M,2023-04-21 00:00:00
37,CUST000037,Rohan,Singh,rohan.singh@email.com,(405) 575-9413,M,2025-06-03 00:00:00
38,CUST000038,Robert,Jones,robert.jones@email.com,(808) 708-6921,M,2024-12-31 00:00:00
39,CUST000039,Sarah,Matsumoto,sarah.matsumoto@email.com,(739) 590-4359,F,2025-03-15 00:00:00
40,CUST000040,Krystyna,Volkov,krystyna.volkov@email.com,(254) 433-9979,F,2024-07-23 00:00:00
41,CUST000041,Yuri,Lewandowski,yuri.lewandowski@email.com,(365) 582-2556,M,2021-12-15 00:00:00
42,CUST000042,Kwesi,Dlamini,kwesi.dlamini@email.com,(313) 543-9610,M,2022-06-12 00:00:00
43,CUST000043,Ahmed,Ibrahim,ahmed.ibrahim@email.com,(669) 425-4039,M,2022-10-10 00:00:00
44,CUST000044,Muhammad,Ismail,muhammad.ismail@email.com,(900) 558-5946,M,2022-02-22 00:00:00
45,CUST000045,Vladimir,Smirnov,vladimir.smirnov@email.com,(902) 776-4228,M,2023-02-02 00:00:00
46,CUST000046,Hae,Ito,hae.ito@email.com,(273) 908-4222,M,2022-02-23 00:00:00
47,CUST000047,Ramesh,Tripathi,ramesh.tripathi@email.com,(782) 624-1737,M,2020-08-27 00:00:00
48,CUST000048,Christopher,Rodriguez,christopher.rodriguez@email.com,(519) 550-5203,M,2022-10-01 00:00:00
49,CUST000049,Vladimir,Fedorov,vladimir.fedorov@email.com,(242) 991-9420,M,2022-10-07 00:00:00
50,CUST000050,Ramesh,Raghavan,ramesh.raghavan@email.com,(822) 239-6638,M,2022-12-21 00:00:00
51,CUST000051,Jessica,Anderson,jessica.anderson@email.com,(852) 422-8117,F,2021-11-16 00:00:00
52,CUST000052,Amira,Latif,amira.latif@email.com,(770) 230-6272,F,2020-06-15 00:00:00
53,CUST000053,Esmeralda,Hernandez,esmeralda.hernandez@email.com,(983) 832-3818,M,2020-08-14 00:00:00
54,CUST000054,Patricia,Martinez,patricia.martinez@email.com,(612) 639-3588,F,2024-02-18 00:00:00
55,CUST000055,Ashley,Johnson,ashley.johnson@email.com,(616) 450-1012,F,2022-05-31 00:00:00
56,CUST000056,Fernando,Iglesias,fernando.iglesias@email.com,(545) 779-9297,M,2023-10-15 00:00:00
57,CUST000057,Angelina,Rodriguez,angelina.rodriguez@email.com,(720) 720-6919,F,2024-01-23 00:00:00
58,CUST000058,Akshay,Bhatt,akshay.bhatt@email.com,(743) 712-3201,M,2023-10-03 00:00:00
59,CUST000059,Leila,Hussein,leila.hussein@email.com,(741) 442-7471,F,2024-07-18 00:00:00
60,CUST000060,Leila,Samir,leila.samir@email.com,(809) 247-9370,F,2024-03-22 00:00:00
61,CUST000061,Rayan,Hussein,rayan.hussein@email.com,(793) 657-8186,M,2025-05-18 00:00:00
62,CUST000062,Ming,Matsumoto,ming.matsumoto@email.com,(774) 743-1978,M,2025-01-21 00:00:00
63,CUST000063,Tadeusz,Petrov,tadeusz.petrov@email.com,(853) 609-8433,M,2024-11-12 00:00:00
64,CUST000064,Neha,Pandey,neha.pandey@email.com,(281) 552-9602,F,2022-05-02 00:00:00
65,CUST000065,Vikram,Singh,vikram.singh@email.com,(293) 529-3383,M,2025-12-06 00:00:00
66,CUST000066,Michael,Sato,michael.sato@email.com,(211) 758-8150,M,2024-10-12 00:00:00
67,CUST000067,Marina,Piotrowski,marina.piotrowski@email.com,(700) 765-9379,F,2025-01-06 00:00:00
68,CUST000068,Alejandro,Gutierrez,alejandro.gutierrez@email.com,(257) 768-7937,M,2021-03-25 00:00:00
69,CUST000069,Sakura,Chen,sakura.chen@email.com,(886) 448-6035,F,2025-09-28 00:00:00
70,CUST000070,Karen,Lee,karen.lee@email.com,(399) 598-8503,F,2022-04-08 00:00:00
71,CUST000071,Yong,Ito,yong.ito@email.com,(205) 575-8194,M,2025-02-18 00:00:00
72,CUST000072,Harish,Pandey,harish.pandey@email.com,(819) 814-4590,M,2025-08-06 00:00:00
73,CUST000073,Kevin,Brown,kevin.brown@email.com,(620) 956-2281,M,2025-07-15 00:00:00
74,CUST000074,Sakura,Nakamura,sakura.nakamura@email.com,(448) 756-9259,F,2022-05-24 00:00:00
75,CUST000075,Amina,Phiri,amina.phiri@email.com,(256) 462-2262,F,2025-12-21 00:00:00
76,CUST000076,Valentina,Dominguez,valentina.dominguez@email.com,(838) 435-4756,F,2021-04-29 00:00:00
77,CUST000077,Naveen,Kulkarni,naveen.kulkarni@email.com,(513) 644-5295,M,2025-08-05 00:00:00
78,CUST000078,Miguel,Pena,miguel.pena@email.com,(934) 250-4309,M,2025-11-16 00:00:00
79,CUST000079,David,Park,david.park@email.com,(337) 256-9142,M,2024-07-01 00:00:00
80,CUST000080,David,Walker,david.walker@email.com,(694) 566-9519,M,2024-03-08 00:00:00
81,CUST000081,Ashok,Desai,ashok.desai@email.com,(846) 645-2325,M,2025-11-03 00:00:00
82,CUST000082,Jae,Yamamoto,jae.yamamoto@email.com,(540) 216-4326,M,2024-11-13 00:00:00
83,CUST000083,Hana,Latif,hana.latif@email.com,(855) 823-9865,F,2025-08-31 00:00:00
84,CUST000084,Priya,Arora,priya.arora@email.com,(605) 719-5525,F,2024-06-19 00:00:00
85,CUST000085,Jamal,Hussein,jamal.hussein@email.com,(957) 383-6940,M,2020-11-14 00:00:00
86,CUST000086,Anjali,Joshi,anjali.joshi@email.com,(764) 696-5354,F,2025-06-06 00:00:00
87,CUST000087,Joseph,Walker,joseph.walker@email.com,(844) 507-9783,M,2020-04-10 00:00:00
88,CUST000088,Susan,Thomas,susan.thomas@email.com,(485) 224-4868,F,2020-06-25 00:00:00
89,CUST000089,Neha,Sharma,neha.sharma@email.com,(448) 515-1964,F,2024-03-25 00:00:00
90,CUST000090,Robert,Rodriguez,robert.rodriguez@email.com,(390) 903-9977,M,2025-12-25 00:00:00
91,CUST000091,Seung,Yamamoto,seung.yamamoto@email.com,(528) 738-4021,M,2021-09-07 00:00:00
92,CUST000092,Sandra,Martin,sandra.martin@email.com,(236) 813-2981,F,2020-06-23 00:00:00
93,CUST000093,Michael,Allen,michael.allen@email.com,(712) 710-8902,M,2022-06-18 00:00:00
94,CUST000094,Folake,Boateng,folake.boateng@email.com,(767) 761-5222,M,2024-08-18 00:00:00
95,CUST000095,Noor,Nazir,noor.nazir@email.com,(781) 964-7773,F,2024-07-16 00:00:00
96,CUST000096,Emily,Brown,emily.brown@email.com,(791) 664-4179,F,2020-12-21 00:00:00
97,CUST000097,Amira,Nasser,amira.nasser@email.com,(743) 451-8470,F,2024-02-16 00:00:00
98,CUST000098,Michelle,Moore,michelle.moore@email.com,(984) 931-7360,F,2021-04-01 00:00:00
99,CUST000099,Jamal,Nkosi,jamal.nkosi@email.com,(990) 558-4013,M,2022-07-17 00:00:00
100,CUST000100,Meera,Sharma,meera.sharma@email.com,(518) 211-5946,F,2020-09-08 00:00:00
101,CUST000101,Vanessa,Moreno,vanessa.moreno@email.com,(475) 582-1497,M,2020-12-14 00:00:00
102,CUST000102,Kumar,Raghavan,kumar.raghavan@email.com,(321) 517-4507,M,2022-09-09 00:00:00
103,CUST000103,Akshay,Reddy,akshay.reddy@email.com,(979) 738-4918,M,2020-01-08 00:00:00
104,CUST000104,Chinedu,Mensah,chinedu.mensah@email.com,(275) 748-4182,M,2022-02-13 00:00:00
105,CUST000105,Aditya,Raghavan,aditya.raghavan@email.com,(969) 389-8902,M,2023-12-01 00:00:00
106,CUST000106,Kumar,Kapoor,kumar.kapoor@email.com,(233) 993-3821,M,2023-06-04 00:00:00
107,CUST000107,Carmen,Torres,carmen.torres@email.com,(723) 736-3318,F,2024-07-13 00:00:00
108,CUST000108,Bhavesh,Rao,bhavesh.rao@email.com,(805) 570-5983,M,2023-10-30 00:00:00
109,CUST000109,Leila,Nasser,leila.nasser@email.com,(982) 968-7434,F,2022-07-13 00:00:00
110,CUST000110,Samir,Barakat,samir.barakat@email.com,(567) 603-7277,M,2023-08-13 00:00:00
111,CUST000111,Ngozi,Osei,ngozi.osei@email.com,(572) 536-9274,F,2024-07-25 00:00:00
112,CUST000112,Jennifer,Johnson,jennifer.johnson@email.com,(883) 799-8229,F,2024-05-04 00:00:00
113,CUST000113,Richard,Wilson,richard.wilson@email.com,(746) 417-9130,M,2022-12-02 00:00:00
114,CUST000114,Maria,Lopez,maria.lopez@email.com,(373) 644-7062,F,2025-12-08 00:00:00
115,CUST000115,Linda,Miller,linda.miller@email.com,(227) 286-4545,F,2024-02-17 00:00:00
116,CUST000116,Tanya,Sizwe,tanya.sizwe@email.com,(374) 396-1416,F,2023-05-14 00:00:00
117,CUST000117,Varun,Yadav,varun.yadav@email.com,(855) 552-1034,M,2020-07-16 00:00:00
118,CUST000118,Rosa,Miranda,rosa.miranda@email.com,(715) 800-3064,F,2022-09-04 00:00:00
119,CUST000119,Salma,Hanna,salma.hanna@email.com,(238) 785-7025,F,2020-09-06 00:00:00
120,CUST000120,Natalia,Medvedev,natalia.medvedev@email.com,(817) 891-6610,F,2021-08-21 00:00:00
121,CUST000121,Zofia,Szymanski,zofia.szymanski@email.com,(655) 247-1275,F,2022-10-09 00:00:00
122,CUST000122,Jessica,Harris,jessica.harris@email.com,(888) 560-2086,F,2021-02-27 00:00:00
123,CUST000123,Folake,Phiri,folake.phiri@email.com,(267) 828-4373,M,2022-12-14 00:00:00
124,CUST000124,Jin,Chang,jin.chang@email.com,(546) 913-4128,M,2020-09-15 00:00:00
125,CUST000125,Amina,Mensah,amina.mensah@email.com,(602) 705-1498,F,2022-02-01 00:00:00
126,CUST000126,Thomas,Rodriguez,thomas.rodriguez@email.com,(352) 373-9317,M,2024-08-22 00:00:00
127,CUST000127,Ramon,Romero,ramon.romero@email.com,(709) 589-8794,M,2022-09-21 00:00:00
128,CUST000128,Kyung,Park,kyung.park@email.com,(248) 419-4601,M,2025-10-22 00:00:00
129,CUST000129,Aditya,Desai,aditya.desai@email.com,(826) 674-2879,M,2023-08-11 00:00:00
130,CUST000130,Miguel,Valenzuela,miguel.valenzuela@email.com,(456) 462-5723,M,2025-10-01 00:00:00
131,CUST000131,Kwame,Mboize,kwame.mboize@email.com,(434) 923-4172,M,2023-04-10 00:00:00
132,CUST000132,Javier,Lopez,javier.lopez@email.com,(456) 808-7218,M,2022-10-26 00:00:00
133,CUST000133,Zara,Oluwaseun,zara.oluwaseun@email.com,(602) 286-4526,F,2020-05-31 00:00:00
134,CUST000134,Chinedu,Tshaka,chinedu.tshaka@email.com,(700) 377-5864,M,2025-04-07 00:00:00
135,CUST000135,Jennifer,White,jennifer.white@email.com,(862) 808-1480,F,2021-06-13 00:00:00
136,CUST000136,So,Matsumoto,so.matsumoto@email.com,(520) 367-9102,M,2020-05-06 00:00:00
137,CUST000137,Hana,Nazir,hana.nazir@email.com,(591) 392-1028,F,2024-03-22 00:00:00
138,CUST000138,Arjun,Yadav,arjun.yadav@email.com,(361) 636-4391,M,2025-08-18 00:00:00
139,CUST000139,Carlos,Vasquez,carlos.vasquez@email.com,(557) 567-3793,M,2021-10-11 00:00:00
140,CUST000140,Hae,Park,hae.park@email.com,(670) 548-8354,M,2023-11-11 00:00:00
141,CUST000141,Folake,Diallo,folake.diallo@email.com,(902) 645-9917,M,2022-04-19 00:00:00
142,CUST000142,Rashid,Mohammed,rashid.mohammed@email.com,(874) 358-9240,M,2022-04-26 00:00:00
143,CUST000143,Ekaterina,Zaborowski,ekaterina.zaborowski@email.com,(668) 291-2694,F,2024-01-17 00:00:00
144,CUST000144,Kumar,Arora,kumar.arora@email.com,(474) 597-1557,M,2022-03-12 00:00:00
145,CUST000145,Yan,Okada,yan.okada@email.com,(201) 611-7382,F,2022-05-03 00:00:00
146,CUST000146,Betty,Martinez,betty.martinez@email.com,(716) 916-8734,F,2020-09-17 00:00:00
147,CUST000147,Folake,Chakraborty,folake.chakraborty@email.com,(748) 755-3852,M,2024-05-25 00:00:00
148,CUST000148,Min,Ito,min.ito@email.com,(609) 703-2637,M,2022-06-06 00:00:00
149,CUST000149,So,Kang,so.kang@email.com,(839) 657-4618,M,2023-12-11 00:00:00
150,CUST000150,Jan,Szymanski,jan.szymanski@email.com,(200) 856-3161,M,2022-10-19 00:00:00
151,CUST000151,Lin,Kim,lin.kim@email.com,(210) 763-2924,F,2022-04-29 00:00:00
152,CUST000152,Marek,Karpov,marek.karpov@email.com,(293) 443-1691,M,2024-09-01 00:00:00
153,CUST000153,Adriana,Lopez,adriana.lopez@email.com,(249) 815-4892,M,2023-10-22 00:00:00
154,CUST000154,Gabriela,Miranda,gabriela.miranda@email.com,(352) 500-9829,M,2021-06-27 00:00:00
155,CUST000155,Mark,Brown,mark.brown@email.com,(570) 827-6751,M,2023-10-15 00:00:00
156,CUST000156,Robert,Smith,robert.smith@email.com,(216) 335-9760,M,2022-11-25 00:00:00
157,CUST000157,Kwame,Thembi,kwame.thembi@email.com,(865) 733-8598,M,2020-11-06 00:00:00
158,CUST000158,Chisom,Sizwe,chisom.sizwe@email.com,(679) 924-5310,M,2024-06-17 00:00:00
159,CUST000159,Jose,Soto,jose.soto@email.com,(773) 280-6412,M,2020-05-01 00:00:00
160,CUST000160,Jan,Lewandowski,jan.lewandowski@email.com,(981) 478-7475,M,2021-04-24 00:00:00
161,CUST000161,Sergei,Szymanski,sergei.szymanski@email.com,(599) 720-9296,M,2025-07-09 00:00:00
162,CUST000162,Kamau,Mwangi,kamau.mwangi@email.com,(721) 524-5554,M,2021-02-08 00:00:00
163,CUST000163,Bhavesh,Nair,bhavesh.nair@email.com,(653) 466-4286,M,2023-01-11 00:00:00
164,CUST000164,Mara,Malik,mara.malik@email.com,(958) 478-6484,F,2021-12-10 00:00:00
165,CUST000165,Jennifer,Anderson,jennifer.anderson@email.com,(649) 412-2655,F,2021-09-23 00:00:00
166,CUST000166,Ji,Okada,ji.okada@email.com,(744) 791-4029,M,2021-08-21 00:00:00
167,CUST000167,Alejandro,Reyes,alejandro.reyes@email.com,(225) 799-6299,M,2023-06-01 00:00:00
168,CUST000168,Anastasia,Nikolaev,anastasia.nikolaev@email.com,(670) 248-3172,F,2024-01-31 00:00:00
169,CUST000169,Adriana,Pena,adriana.pena@email.com,(251) 718-9715,M,2025-03-11 00:00:00
170,CUST000170,Michael,Young,michael.young@email.com,(744) 881-9427,M,2020-04-20 00:00:00
171,CUST000171,Harish,Malhotra,harish.malhotra@email.com,(253) 263-2831,M,2023-09-15 00:00:00
172,CUST000172,Abhinav,Gupta,abhinav.gupta@email.com,(381) 889-5732,M,2021-01-23 00:00:00
173,CUST000173,Rayan,Kareem,rayan.kareem@email.com,(531) 602-1940,M,2020-06-20 00:00:00
174,CUST000174,Anjali,Gupta,anjali.gupta@email.com,(853) 957-3004,F,2024-11-15 00:00:00
175,CUST000175,John,Yamada,john.yamada@email.com,(919) 683-2250,M,2024-05-14 00:00:00
176,CUST000176,Ashley,Anderson,ashley.anderson@email.com,(690) 567-3604,F,2022-03-27 00:00:00
177,CUST000177,Anna,Ivanov,anna.ivanov@email.com,(403) 960-4934,F,2021-09-18 00:00:00
178,CUST000178,Marcus,Mohammed,marcus.mohammed@email.com,(724) 476-8024,M,2023-03-24 00:00:00
179,CUST000179,Harish,Trivedi,harish.trivedi@email.com,(619) 328-2194,M,2022-03-10 00:00:00
180,CUST000180,Oleksandr,Ivanov,oleksandr.ivanov@email.com,(644) 395-1387,M,2021-11-26 00:00:00
181,CUST000181,Jose,Medina,jose.medina@email.com,(488) 436-2678,M,2025-01-20 00:00:00
182,CUST000182,Diego,Ramirez,diego.ramirez@email.com,(993) 751-8292,M,2020-04-08 00:00:00
183,CUST000183,Javier,Martinez,javier.martinez@email.com,(339) 758-8092,M,2025-07-05 00:00:00
184,CUST000184,Bhavesh,Pandey,bhavesh.pandey@email.com,(201) 668-8907,M,2021-08-09 00:00:00
185,CUST000185,Javier,Ortiz,javier.ortiz@email.com,(335) 364-1549,M,2025-05-01 00:00:00
186,CUST000186,Elena,Grabowski,elena.grabowski@email.com,(369) 484-9277,F,2020-08-13 00:00:00
187,CUST000187,Ramesh,Malhotra,ramesh.malhotra@email.com,(526) 690-9456,M,2023-08-09 00:00:00
188,CUST000188,Kimberly,King,kimberly.king@email.com,(494) 574-9269,F,2021-05-22 00:00:00
189,CUST000189,Sarah,Sato,sarah.sato@email.com,(634) 353-2316,F,2023-05-27 00:00:00
190,CUST000190,Michelle,Smith,michelle.smith@email.com,(626) 676-4569,F,2021-01-09 00:00:00
191,CUST000191,Adebayo,Mwangi,adebayo.mwangi@email.com,(533) 623-5359,M,2020-12-05 00:00:00
192,CUST000192,Abhinav,Sinha,abhinav.sinha@email.com,(572) 944-7051,M,2020-06-26 00:00:00
193,CUST000193,David,Smith,david.smith@email.com,(282) 431-2969,M,2025-08-19 00:00:00
194,CUST000194,Lisa,Nakajima,lisa.nakajima@email.com,(927) 564-2519,F,2023-08-11 00:00:00
195,CUST000195,Valentina,Fedorov,valentina.fedorov@email.com,(916) 450-4301,F,2023-11-16 00:00:00
196,CUST000196,Salim,Latif,salim.latif@email.com,(226) 749-6105,M,2024-11-05 00:00:00
197,CUST000197,Lin,Shimizu,lin.shimizu@email.com,(311) 930-5664,F,2024-06-06 00:00:00
198,CUST000198,Richard,Garcia,richard.garcia@email.com,(394) 960-2514,M,2024-10-13 00:00:00
199,CUST000199,Elizabeth,Williams,elizabeth.williams@email.com,(827) 385-2058,F,2023-03-28 00:00:00
200,CUST000200,Amir,Omar,amir.omar@email.com,(448) 853-2399,M,2020-04-10 00:00:00
201,CUST000201,Dimitri,Wisniewski,dimitri.wisniewski@email.com,(573) 309-8277,M,2021-08-30 00:00:00
202,CUST000202,Jing,Kim,jing.kim@email.com,(659) 336-8472,F,2021-12-29 00:00:00
203,CUST000203,Piotr,Medvedev,piotr.medvedev@email.com,(928) 431-7377,M,2025-05-21 00:00:00
204,CUST000204,Betty,Hall,betty.hall@email.com,(780) 401-4061,F,2020-08-07 00:00:00
205,CUST000205,Juma,Sizwe,juma.sizwe@email.com,(231) 983-4244,M,2025-05-25 00:00:00
206,CUST000206,Sipho,Boateng,sipho.boateng@email.com,(502) 534-4577,M,2025-02-15 00:00:00
207,CUST000207,Javier,Ruiz,javier.ruiz@email.com,(546) 512-3254,M,2021-04-18 00:00:00
208,CUST000208,Natalia,Belov,natalia.belov@email.com,(485) 909-5504,F,2025-07-24 00:00:00
209,CUST000209,Aditya,Reddy,aditya.reddy@email.com,(875) 709-3890,M,2020-10-05 00:00:00
210,CUST000210,Ramesh,Reddy,ramesh.reddy@email.com,(981) 202-6816,M,2024-10-07 00:00:00
211,CUST000211,Aditya,Bhat,aditya.bhat@email.com,(387) 886-6996,M,2025-11-07 00:00:00
212,CUST000212,Yasmin,Nazir,yasmin.nazir@email.com,(524) 379-7947,F,2025-11-28 00:00:00
213,CUST000213,Neha,Singh,neha.singh@email.com,(319) 476-2172,F,2022-09-05 00:00:00
214,CUST000214,Andrey,Pavlov,andrey.pavlov@email.com,(971) 234-8608,M,2022-03-31 00:00:00
215,CUST000215,Anna,Antonov,anna.antonov@email.com,(385) 420-1220,F,2023-03-24 00:00:00
216,CUST000216,Amara,Mwangi,amara.mwangi@email.com,(929) 535-6262,F,2022-03-23 00:00:00
217,CUST000217,Wanda,Kucharski,wanda.kucharski@email.com,(665) 260-2034,F,2022-12-29 00:00:00
218,CUST000218,Zbigniew,Grabowski,zbigniew.grabowski@email.com,(687) 386-1474,M,2020-01-28 00:00:00
219,CUST000219,Emily,Hall,emily.hall@email.com,(329) 400-2846,F,2022-11-06 00:00:00
220,CUST000220,Rima,Hussein,rima.hussein@email.com,(578) 659-3282,F,2020-04-08 00:00:00
221,CUST000221,Thabo,Boateng,thabo.boateng@email.com,(492) 663-8731,M,2025-05-22 00:00:00
222,CUST000222,Esmeralda,Perez,esmeralda.perez@email.com,(521) 496-7354,M,2022-05-30 00:00:00
223,CUST000223,Seung,Sato,seung.sato@email.com,(677) 724-3272,M,2020-03-26 00:00:00
224,CUST000224,Piotr,Piotrowski,piotr.piotrowski@email.com,(875) 215-4560,M,2020-12-13 00:00:00
225,CUST000225,Neha,Trivedi,neha.trivedi@email.com,(952) 226-9756,F,2024-12-26 00:00:00
226,CUST000226,Jamal,Diallo,jamal.diallo@email.com,(808) 213-5200,M,2020-12-17 00:00:00
227,CUST000227,Michelle,Garcia,michelle.garcia@email.com,(461) 766-4565,F,2025-07-29 00:00:00
228,CUST000228,Ngozi,Boateng,ngozi.boateng@email.com,(535) 246-6064,F,2025-07-03 00:00:00
229,CUST000229,Noor,Kareem,noor.kareem@email.com,(814) 625-4479,F,2020-10-02 00:00:00
230,CUST000230,Adeyemi,Phiri,adeyemi.phiri@email.com,(503) 911-8820,M,2022-08-08 00:00:00
231,CUST000231,Salma,Walid,salma.walid@email.com,(820) 763-9979,F,2022-03-29 00:00:00
232,CUST000232,Matthew,Moore,matthew.moore@email.com,(956) 891-5947,M,2024-08-23 00:00:00
233,CUST000233,Varun,Patel,varun.patel@email.com,(303) 691-1839,M,2024-01-22 00:00:00
234,CUST000234,Danuta,Medvedev,danuta.medvedev@email.com,(202) 593-1927,F,2021-10-24 00:00:00
235,CUST000235,Fatima,Kareem,fatima.kareem@email.com,(269) 590-9298,F,2023-09-30 00:00:00
236,CUST000236,Hanae,Kang,hanae.kang@email.com,(333) 381-8012,F,2023-05-06 00:00:00
237,CUST000237,Priya,Reddy,priya.reddy@email.com,(459) 401-5406,F,2024-08-15 00:00:00
238,CUST000238,Nikhil,Malhotra,nikhil.malhotra@email.com,(863) 436-9517,M,2025-08-15 00:00:00
239,CUST000239,Tomoe,Jung,tomoe.jung@email.com,(354) 206-7341,F,2024-06-06 00:00:00
240,CUST000240,Segun,Malema,segun.malema@email.com,(908) 273-7925,M,2020-04-26 00:00:00
241,CUST000241,Barbara,Rodriguez,barbara.rodriguez@email.com,(708) 251-8862,F,2024-01-17 00:00:00
242,CUST000242,Jamal,Williams,jamal.williams@email.com,(978) 904-9670,M,2022-03-20 00:00:00
243,CUST000243,Vikram,Reddy,vikram.reddy@email.com,(616) 319-1122,M,2022-10-06 00:00:00
244,CUST000244,Suresh,Bhardwaj,suresh.bhardwaj@email.com,(287) 588-9726,M,2025-11-24 00:00:00
245,CUST000245,Jacek,Nowak,jacek.nowak@email.com,(913) 830-4721,M,2024-02-20 00:00:00
246,CUST000246,Leila,Abdullah,leila.abdullah@email.com,(798) 386-3699,F,2023-02-01 00:00:00
247,CUST000247,Dolores,Lopez,dolores.lopez@email.com,(655) 946-9100,F,2022-01-14 00:00:00
248,CUST000248,Divya,Patel,divya.patel@email.com,(802) 768-3113,F,2020-12-11 00:00:00
249,CUST000249,Juma,Mbatha,juma.mbatha@email.com,(532) 827-4517,M,2022-06-30 00:00:00
250,CUST000250,Tanya,Tshaka,tanya.tshaka@email.com,(694) 287-7428,F,2022-10-02 00:00:00
251,CUST000251,Adebayo,Oluwaseun,adebayo.oluwaseun@email.com,(553) 825-4901,M,2020-03-05 00:00:00
252,CUST000252,Fatima,Rashid,fatima.rashid@email.com,(630) 524-3943,F,2021-04-12 00:00:00
253,CUST000253,Francisca,Ramirez,francisca.ramirez@email.com,(300) 980-3457,M,2022-09-24 00:00:00
254,CUST000254,Varun,Chopra,varun.chopra@email.com,(733) 477-8201,M,2022-12-12 00:00:00
255,CUST000255,Donna,Allen,donna.allen@email.com,(222) 703-1797,F,2023-02-03 00:00:00
256,CUST000256,Margaret,Robinson,margaret.robinson@email.com,(898) 414-4505,F,2021-03-15 00:00:00
257,CUST000257,Ji,Lee,ji.lee@email.com,(908) 861-7287,M,2022-07-24 00:00:00
258,CUST000258,Andrey,Wisniewski,andrey.wisniewski@email.com,(455) 463-6203,M,2024-11-17 00:00:00
259,CUST000259,Maria,Navarro,maria.navarro@email.com,(850) 867-4275,F,2024-06-10 00:00:00
260,CUST000260,Abdullah,Samir,abdullah.samir@email.com,(716) 516-1847,M,2020-09-19 00:00:00
261,CUST000261,Donald,Jackson,donald.jackson@email.com,(535) 340-4664,M,2021-11-08 00:00:00
262,CUST000262,Ashley,Moore,ashley.moore@email.com,(939) 640-6800,F,2020-12-30 00:00:00
263,CUST000263,Selim,Amin,selim.amin@email.com,(837) 643-9801,M,2021-12-23 00:00:00
264,CUST000264,Yasmin,Abdullah,yasmin.abdullah@email.com,(794) 984-1423,F,2022-02-25 00:00:00
265,CUST000265,Jin,Ito,jin.ito@email.com,(718) 424-4972,M,2020-02-18 00:00:00
266,CUST000266,Matthew,Jackson,matthew.jackson@email.com,(636) 460-8256,M,2022-07-20 00:00:00
267,CUST000267,Krzysztof,Petrov,krzysztof.petrov@email.com,(330) 433-4701,M,2022-06-28 00:00:00
268,CUST000268,Ifeanyi,Nkosi,ifeanyi.nkosi@email.com,(690) 898-3575,M,2022-09-07 00:00:00
269,CUST000269,Halina,Mikhailov,halina.mikhailov@email.com,(364) 302-9521,F,2020-02-10 00:00:00
270,CUST000270,Svetlana,Orlov,svetlana.orlov@email.com,(499) 897-4145,F,2023-10-11 00:00:00
271,CUST000271,Selim,Kareem,selim.kareem@email.com,(633) 437-3034,M,2022-12-06 00:00:00
272,CUST000272,Sipho,Hassan,sipho.hassan@email.com,(289) 611-2594,M,2023-09-16 00:00:00
273,CUST000273,Ramon,Ruiz,ramon.ruiz@email.com,(476) 320-3196,M,2023-01-24 00:00:00
274,CUST000274,Andrzej,Kucharski,andrzej.kucharski@email.com,(945) 956-5130,M,2021-04-23 00:00:00
275,CUST000275,Svetlana,Kuznetsov,svetlana.kuznetsov@email.com,(541) 811-6602,F,2021-03-12 00:00:00
276,CUST000276,Aditya,Arora,aditya.arora@email.com,(562) 338-7439,M,2024-05-20 00:00:00
277,CUST000277,Steven,Lim,steven.lim@email.com,(944) 323-1710,M,2022-10-14 00:00:00
278,CUST000278,Pablo,Romero,pablo.romero@email.com,(322) 973-9900,M,2023-01-05 00:00:00
279,CUST000279,Amina,Adebisi,amina.adebisi@email.com,(505) 801-9740,F,2020-05-28 00:00:00
280,CUST000280,Amy,Shimizu,amy.shimizu@email.com,(734) 932-1889,F,2020-05-19 00:00:00
281,CUST000281,Hanae,Yamamoto,hanae.yamamoto@email.com,(610) 617-3467,F,2024-06-15 00:00:00
282,CUST000282,Yuki,Suzuki,yuki.suzuki@email.com,(906) 433-7155,F,2021-12-04 00:00:00
283,CUST000283,Valentina,Perez,valentina.perez@email.com,(347) 867-8196,F,2021-10-23 00:00:00
284,CUST000284,Chinedu,Sizwe,chinedu.sizwe@email.com,(357) 353-4345,M,2020-10-01 00:00:00
285,CUST000285,Barbara,Ivanov,barbara.ivanov@email.com,(334) 744-5906,F,2025-07-30 00:00:00
286,CUST000286,Anjali,Arora,anjali.arora@email.com,(405) 700-5317,F,2025-09-04 00:00:00
287,CUST000287,Amy,Yamamoto,amy.yamamoto@email.com,(788) 576-4854,F,2024-11-19 00:00:00
288,CUST000288,Francisca,Navarro,francisca.navarro@email.com,(218) 440-5233,M,2020-09-19 00:00:00
289,CUST000289,Vladimir,Dąbrowski,vladimir.dąbrowski@email.com,(984) 920-3557,M,2023-01-21 00:00:00
290,CUST000290,Dimitri,Kuznetsov,dimitri.kuznetsov@email.com,(362) 909-4519,M,2021-01-28 00:00:00
291,CUST000291,Seung,Kang,seung.kang@email.com,(431) 892-8661,M,2020-07-26 00:00:00
292,CUST000292,Hiroshi,Lee,hiroshi.lee@email.com,(747) 329-2763,M,2023-11-13 00:00:00
293,CUST000293,Sung,Matsumoto,sung.matsumoto@email.com,(933) 236-5991,M,2021-05-07 00:00:00
294,CUST000294,Krzysztof,Wisniewski,krzysztof.wisniewski@email.com,(245) 688-8780,M,2021-05-16 00:00:00
295,CUST000295,Varun,Sharma,varun.sharma@email.com,(863) 402-7128,M,2025-11-13 00:00:00
296,CUST000296,Aisha,Jaber,aisha.jaber@email.com,(601) 830-2098,F,2023-11-13 00:00:00
297,CUST000297,Dolores,Ortiz,dolores.ortiz@email.com,(340) 619-4741,F,2025-05-16 00:00:00
298,CUST000298,Tariq,Rahman,tariq.rahman@email.com,(608) 721-5067,M,2025-02-21 00:00:00
299,CUST000299,Amy,Watanabe,amy.watanabe@email.com,(538) 970-4484,F,2022-03-17 00:00:00
300,CUST000300,Lisa,Hernandez,lisa.hernandez@email.com,(753) 707-1820,F,2023-09-13 00:00:00
301,CUST000301,Rosa,Ruiz,rosa.ruiz@email.com,(252) 706-3332,F,2025-08-10 00:00:00
302,CUST000302,Alejandro,Romero,alejandro.romero@email.com,(567) 436-1406,M,2024-08-09 00:00:00
303,CUST000303,Aditya,Trivedi,aditya.trivedi@email.com,(769) 595-4079,M,2023-12-17 00:00:00
304,CUST000304,Sipho,Malema,sipho.malema@email.com,(809) 934-9562,M,2020-01-09 00:00:00
305,CUST000305,Girish,Kumar,girish.kumar@email.com,(858) 233-7789,M,2022-07-22 00:00:00
306,CUST000306,Andrzej,Nowak,andrzej.nowak@email.com,(935) 377-1464,M,2020-09-20 00:00:00
307,CUST000307,Salim,Hussein,salim.hussein@email.com,(593) 443-6336,M,2024-08-18 00:00:00
308,CUST000308,Naveen,Bhatt,naveen.bhatt@email.com,(266) 338-6328,M,2024-07-06 00:00:00
309,CUST000309,Antonio,Sanchez,antonio.sanchez@email.com,(334) 849-4296,M,2024-06-06 00:00:00
310,CUST000310,Michael,Ito,michael.ito@email.com,(460) 424-7868,M,2023-10-26 00:00:00
311,CUST000311,Anjali,Kapoor,anjali.kapoor@email.com,(728) 766-1348,F,2021-06-13 00:00:00
312,CUST000312,Rosa,Ortiz,rosa.ortiz@email.com,(527) 438-6523,F,2025-11-15 00:00:00
313,CUST000313,Jorge,Carrillo,jorge.carrillo@email.com,(620) 441-7852,M,2022-09-05 00:00:00
314,CUST000314,Kofi,Kipchoge,kofi.kipchoge@email.com,(933) 619-7635,M,2022-06-14 00:00:00
315,CUST000315,Isabel,Moreno,isabel.moreno@email.com,(683) 933-1669,F,2025-12-07 00:00:00
316,CUST000316,Rosa,Vasquez,rosa.vasquez@email.com,(611) 983-7939,F,2021-12-20 00:00:00
317,CUST000317,Dolores,Iglesias,dolores.iglesias@email.com,(604) 419-3874,F,2023-12-26 00:00:00
318,CUST000318,Jose,Castillo,jose.castillo@email.com,(773) 611-5558,M,2022-05-04 00:00:00
319,CUST000319,Maria,Mikhailov,maria.mikhailov@email.com,(696) 605-4626,F,2025-03-26 00:00:00
320,CUST000320,Karen,Robinson,karen.robinson@email.com,(935) 454-3306,F,2020-04-20 00:00:00
321,CUST000321,Ewa,Belov,ewa.belov@email.com,(457) 212-3880,F,2024-08-01 00:00:00
322,CUST000322,Ricardo,Gonzalez,ricardo.gonzalez@email.com,(858) 482-1677,M,2021-05-02 00:00:00
323,CUST000323,Carmen,Reyes,carmen.reyes@email.com,(430) 553-5745,F,2022-06-13 00:00:00
324,CUST000324,Kamau,Oluwaseun,kamau.oluwaseun@email.com,(778) 352-2782,M,2022-08-12 00:00:00
325,CUST000325,Nikolai,Popov,nikolai.popov@email.com,(247) 888-4490,M,2021-02-06 00:00:00
326,CUST000326,Yuri,Kucharski,yuri.kucharski@email.com,(391) 566-5063,M,2024-06-29 00:00:00
327,CUST000327,Kimberly,Young,kimberly.young@email.com,(392) 355-6508,F,2023-09-17 00:00:00
328,CUST000328,Dolores,Torres,dolores.torres@email.com,(248) 563-5116,F,2020-03-28 00:00:00
329,CUST000329,Wanda,Medvedev,wanda.medvedev@email.com,(952) 862-3407,F,2022-11-11 00:00:00
330,CUST000330,Yuki,Chang,yuki.chang@email.com,(896) 476-4740,F,2024-01-21 00:00:00
331,CUST000331,Muhammad,Omar,muhammad.omar@email.com,(626) 333-6680,M,2024-08-03 00:00:00
332,CUST000332,Amir,Phiri,amir.phiri@email.com,(979) 959-5697,M,2023-09-07 00:00:00
333,CUST000333,Arjun,Trivedi,arjun.trivedi@email.com,(697) 419-6640,M,2023-02-19 00:00:00
334,CUST000334,Kumar,Kulkarni,kumar.kulkarni@email.com,(298) 817-2092,M,2023-12-15 00:00:00
335,CUST000335,Andrew,Brown,andrew.brown@email.com,(979) 602-9184,M,2025-07-10 00:00:00
336,CUST000336,Akshay,Verma,akshay.verma@email.com,(398) 746-5335,M,2020-03-15 00:00:00
337,CUST000337,Jorge,Martinez,jorge.martinez@email.com,(921) 357-9919,M,2022-03-03 00:00:00
338,CUST000338,Michelle,Thompson,michelle.thompson@email.com,(676) 995-6823,F,2020-11-21 00:00:00
339,CUST000339,Sakura,Yamamoto,sakura.yamamoto@email.com,(620) 746-2837,F,2021-06-05 00:00:00
340,CUST000340,Diego,Ortiz,diego.ortiz@email.com,(880) 866-3561,M,2024-05-23 00:00:00
341,CUST000341,Kwesi,Kiplagat,kwesi.kiplagat@email.com,(436) 646-3899,M,2020-01-21 00:00:00
342,CUST000342,Jan,Ivanov,jan.ivanov@email.com,(488) 485-7511,M,2024-01-25 00:00:00
343,CUST000343,Jennifer,Brown,jennifer.brown@email.com,(615) 647-3188,F,2023-12-13 00:00:00
344,CUST000344,Kevin,Suzuki,kevin.suzuki@email.com,(433) 894-6360,M,2020-08-21 00:00:00
345,CUST000345,Mahesh,Malhotra,mahesh.malhotra@email.com,(368) 689-5783,M,2022-06-02 00:00:00
346,CUST000346,Andrzej,Popov,andrzej.popov@email.com,(284) 923-5921,M,2025-04-22 00:00:00
347,CUST000347,Kwame,Mensah,kwame.mensah@email.com,(420) 257-5021,M,2021-05-31 00:00:00
348,CUST000348,Vanessa,Carrillo,vanessa.carrillo@email.com,(856) 398-1516,M,2020-08-25 00:00:00
349,CUST000349,Valentina,Gonzalez,valentina.gonzalez@email.com,(272) 274-9522,F,2022-03-09 00:00:00
350,CUST000350,Amara,Dlamini,amara.dlamini@email.com,(569) 491-9426,F,2021-11-09 00:00:00
351,CUST000351,Thabo,Mboize,thabo.mboize@email.com,(329) 986-7560,M,2021-02-28 00:00:00
352,CUST000352,Rashid,Nazir,rashid.nazir@email.com,(645) 767-8923,M,2022-06-13 00:00:00
353,CUST000353,Fatima,Malik,fatima.malik@email.com,(393) 667-6677,F,2025-01-05 00:00:00
354,CUST000354,Andrey,Kowalski,andrey.kowalski@email.com,(771) 394-4999,M,2021-05-14 00:00:00
355,CUST000355,Suresh,Gupta,suresh.gupta@email.com,(269) 882-4137,M,2021-11-29 00:00:00
356,CUST000356,Arjun,Malhotra,arjun.malhotra@email.com,(982) 959-1104,M,2020-04-24 00:00:00
357,CUST000357,Danuta,Volkov,danuta.volkov@email.com,(976) 857-5196,F,2023-11-22 00:00:00
358,CUST000358,Mahesh,Pandey,mahesh.pandey@email.com,(452) 609-8884,M,2022-12-31 00:00:00
359,CUST000359,Zofia,Ivanov,zofia.ivanov@email.com,(943) 466-5291,F,2025-04-27 00:00:00
360,CUST000360,Kamau,Kenyatta,kamau.kenyatta@email.com,(623) 828-2279,M,2024-01-26 00:00:00
361,CUST000361,Dina,Yousef,dina.yousef@email.com,(513) 233-5504,F,2020-08-09 00:00:00
362,CUST000362,Amir,Dlamini,amir.dlamini@email.com,(569) 739-6118,M,2025-05-15 00:00:00
363,CUST000363,Leila,Bahri,leila.bahri@email.com,(937) 548-4663,F,2021-12-17 00:00:00
364,CUST000364,Hui,Lim,hui.lim@email.com,(236) 907-6238,F,2022-01-18 00:00:00
365,CUST000365,Lucia,Romero,lucia.romero@email.com,(543) 322-3817,F,2020-12-30 00:00:00
366,CUST000366,Charles,Smith,charles.smith@email.com,(706) 965-7761,M,2025-08-26 00:00:00
367,CUST000367,Adeyemi,Diallo,adeyemi.diallo@email.com,(320) 451-6376,M,2020-04-03 00:00:00
368,CUST000368,Hassan,Yousef,hassan.yousef@email.com,(429) 542-5592,M,2020-01-07 00:00:00
369,CUST000369,Aisha,Nasser,aisha.nasser@email.com,(836) 360-1107,F,2023-02-07 00:00:00
370,CUST000370,Andrey,Lebedev,andrey.lebedev@email.com,(329) 668-1952,M,2024-08-20 00:00:00
371,CUST000371,Jessica,Allen,jessica.allen@email.com,(330) 302-8239,F,2022-02-23 00:00:00
372,CUST000372,Muhammad,Nasser,muhammad.nasser@email.com,(888) 638-4890,M,2024-12-13 00:00:00
373,CUST000373,Rima,Samir,rima.samir@email.com,(662) 490-2097,F,2020-03-16 00:00:00
374,CUST000374,Kamau,Kiplagat,kamau.kiplagat@email.com,(469) 504-2214,M,2023-11-24 00:00:00
375,CUST000375,Yan,Kobayashi,yan.kobayashi@email.com,(313) 347-9502,F,2022-08-08 00:00:00
376,CUST000376,Betty,Clark,betty.clark@email.com,(213) 364-2815,F,2022-03-18 00:00:00
377,CUST000377,Noor,Khan,noor.khan@email.com,(971) 997-5626,F,2025-02-06 00:00:00
378,CUST000378,Fang,Okada,fang.okada@email.com,(661) 376-2326,F,2024-10-16 00:00:00
379,CUST000379,Angelina,Gutierrez,angelina.gutierrez@email.com,(382) 929-8327,F,2021-05-07 00:00:00
380,CUST000380,Kevin,Cho,kevin.cho@email.com,(509) 965-8238,M,2025-03-12 00:00:00
381,CUST000381,Betty,Harris,betty.harris@email.com,(779) 572-2887,F,2023-07-30 00:00:00
382,CUST000382,Dimitri,Mikhailov,dimitri.mikhailov@email.com,(799) 668-9905,M,2023-05-23 00:00:00
383,CUST000383,Mandla,Mbatha,mandla.mbatha@email.com,(951) 875-4017,M,2020-12-16 00:00:00
384,CUST000384,Lisa,Clark,lisa.clark@email.com,(390) 682-1973,F,2023-02-18 00:00:00
385,CUST000385,Krzysztof,Smirnov,krzysztof.smirnov@email.com,(401) 880-5985,M,2024-08-03 00:00:00
386,CUST000386,Irina,Piotrowski,irina.piotrowski@email.com,(960) 690-3936,F,2025-04-11 00:00:00
387,CUST000387,Urszula,Vasiliev,urszula.vasiliev@email.com,(789) 519-4235,F,2020-04-18 00:00:00
388,CUST000388,Nadia,Thembi,nadia.thembi@email.com,(428) 326-8834,F,2024-07-21 00:00:00
389,CUST000389,Layla,Ismail,layla.ismail@email.com,(497) 511-8294,F,2025-03-20 00:00:00
390,CUST000390,Akshay,Saxena,akshay.saxena@email.com,(987) 989-1857,M,2024-02-23 00:00:00
391,CUST000391,Margaret,Davis,margaret.davis@email.com,(428) 827-1997,F,2022-03-28 00:00:00
392,CUST000392,Mary,Johnson,mary.johnson@email.com,(286) 446-6187,F,2022-09-11 00:00:00
393,CUST000393,Susan,Brown,susan.brown@email.com,(322) 967-1092,F,2022-05-28 00:00:00
394,CUST000394,Naveen,Arora,naveen.arora@email.com,(730) 739-6457,M,2025-05-04 00:00:00
395,CUST000395,Salma,Mohammed,salma.mohammed@email.com,(200) 503-7365,F,2023-07-28 00:00:00
396,CUST000396,Mahesh,Tripathi,mahesh.tripathi@email.com,(590) 659-6495,M,2022-01-15 00:00:00
397,CUST000397,Krystyna,Lewandowski,krystyna.lewandowski@email.com,(313) 703-6542,F,2021-01-16 00:00:00
398,CUST000398,Girish,Kulkarni,girish.kulkarni@email.com,(473) 606-2625,M,2020-11-08 00:00:00
399,CUST000399,Rajesh,Iyer,rajesh.iyer@email.com,(200) 485-6248,M,2022-03-29 00:00:00
400,CUST000400,Amir,Karim,amir.karim@email.com,(746) 890-5019,M,2021-06-30 00:00:00
401,CUST000401,Steven,Okada,steven.okada@email.com,(884) 598-8294,M,2025-07-28 00:00:00
402,CUST000402,Jorge,Valenzuela,jorge.valenzuela@email.com,(665) 957-2773,M,2024-12-01 00:00:00
403,CUST000403,Adriana,Sanchez,adriana.sanchez@email.com,(318) 220-6835,M,2024-02-26 00:00:00
404,CUST000404,Segun,Kenyatta,segun.kenyatta@email.com,(392) 779-1908,M,2020-09-07 00:00:00
405,CUST000405,Seung,Wong,seung.wong@email.com,(835) 299-2679,M,2025-02-02 00:00:00
406,CUST000406,Selim,Khan,selim.khan@email.com,(284) 297-3768,M,2020-06-09 00:00:00
407,CUST000407,Halina,Novikov,halina.novikov@email.com,(679) 857-7165,F,2022-11-20 00:00:00
408,CUST000408,Sunita,Patel,sunita.patel@email.com,(865) 508-1414,F,2021-06-21 00:00:00
409,CUST000409,Hana,Salem,hana.salem@email.com,(931) 214-8492,F,2024-06-25 00:00:00
410,CUST000410,Layla,Nasser,layla.nasser@email.com,(587) 531-8679,F,2025-11-15 00:00:00
411,CUST000411,Kamau,Banda,kamau.banda@email.com,(826) 326-2634,M,2023-03-24 00:00:00
412,CUST000412,Juma,Thembi,juma.thembi@email.com,(841) 382-3322,M,2025-06-22 00:00:00
413,CUST000413,Mahesh,Singh,mahesh.singh@email.com,(674) 627-1336,M,2025-01-17 00:00:00
414,CUST000414,Natalia,Vasiliev,natalia.vasiliev@email.com,(869) 418-9040,F,2022-08-30 00:00:00
415,CUST000415,Kevin,Miller,kevin.miller@email.com,(948) 210-7830,M,2020-06-02 00:00:00
416,CUST000416,Bhavesh,Arora,bhavesh.arora@email.com,(796) 615-4190,M,2025-01-16 00:00:00
417,CUST000417,Javier,Medina,javier.medina@email.com,(722) 398-1254,M,2024-05-21 00:00:00
418,CUST000418,Robert,Davis,robert.davis@email.com,(645) 260-8548,M,2025-09-27 00:00:00
419,CUST000419,Urszula,Lebedev,urszula.lebedev@email.com,(505) 975-8804,F,2024-05-16 00:00:00
420,CUST000420,Manuel,Reyes,manuel.reyes@email.com,(526) 641-6368,M,2020-07-26 00:00:00
421,CUST000421,Amir,Mohammed,amir.mohammed@email.com,(639) 273-8782,M,2025-03-23 00:00:00
422,CUST000422,Paul,Hernandez,paul.hernandez@email.com,(497) 502-8382,M,2022-09-28 00:00:00
423,CUST000423,Alejandro,Vargas,alejandro.vargas@email.com,(859) 943-2723,M,2021-06-01 00:00:00
424,CUST000424,Rayan,Ismail,rayan.ismail@email.com,(368) 520-5235,M,2020-06-25 00:00:00
425,CUST000425,Francisco,Moreno,francisco.moreno@email.com,(763) 877-9411,M,2025-04-16 00:00:00
426,CUST000426,Walid,Samir,walid.samir@email.com,(609) 490-5212,M,2025-03-10 00:00:00
427,CUST000427,Ahmed,Hussein,ahmed.hussein@email.com,(356) 998-6176,M,2020-05-11 00:00:00
428,CUST000428,Karan,Sharma,karan.sharma@email.com,(346) 499-6266,M,2024-07-24 00:00:00
429,CUST000429,Oleksandr,Kowalski,oleksandr.kowalski@email.com,(247) 433-1143,M,2025-05-10 00:00:00
430,CUST000430,Ngozi,Okafor,ngozi.okafor@email.com,(580) 424-2399,F,2021-02-04 00:00:00
431,CUST000431,Viktor,Lewandowski,viktor.lewandowski@email.com,(867) 511-1112,M,2023-04-24 00:00:00
432,CUST000432,Abhinav,Trivedi,abhinav.trivedi@email.com,(744) 297-2342,M,2020-12-21 00:00:00
433,CUST000433,Antonio,Romero,antonio.romero@email.com,(717) 726-4390,M,2025-07-10 00:00:00
434,CUST000434,Karan,Singh,karan.singh@email.com,(618) 640-5878,M,2025-10-15 00:00:00
435,CUST000435,Rashid,Jaber,rashid.jaber@email.com,(411) 919-5404,M,2021-05-16 00:00:00
436,CUST000436,Lei,Lee,lei.lee@email.com,(670) 226-5654,M,2020-04-27 00:00:00
437,CUST000437,Thomas,Jackson,thomas.jackson@email.com,(385) 458-5467,M,2020-11-28 00:00:00
438,CUST000438,Manuel,Ortiz,manuel.ortiz@email.com,(492) 390-3149,M,2020-10-31 00:00:00
439,CUST000439,Hae,Hwang,hae.hwang@email.com,(629) 533-6547,M,2020-08-02 00:00:00
440,CUST000440,Javier,Vasquez,javier.vasquez@email.com,(389) 844-8094,M,2024-03-30 00:00:00
441,CUST000441,Marek,Volkov,marek.volkov@email.com,(653) 732-5464,M,2022-08-20 00:00:00
442,CUST000442,Isabel,Miranda,isabel.miranda@email.com,(221) 962-1390,F,2021-07-26 00:00:00
443,CUST000443,Miguel,Castillo,miguel.castillo@email.com,(773) 740-9867,M,2022-03-12 00:00:00
444,CUST000444,Alejandro,Ortiz,alejandro.ortiz@email.com,(978) 944-3240,M,2020-06-18 00:00:00
445,CUST000445,Fernando,Pena,fernando.pena@email.com,(469) 687-7378,M,2024-04-08 00:00:00
446,CUST000446,Gabriela,Carrillo,gabriela.carrillo@email.com,(877) 295-8813,M,2025-06-10 00:00:00
447,CUST000447,Yuri,Mikhailov,yuri.mikhailov@email.com,(504) 215-2727,M,2020-10-24 00:00:00
448,CUST000448,Karim,Ahmed,karim.ahmed@email.com,(810) 212-4769,M,2022-10-15 00:00:00
449,CUST000449,Akshay,Chopra,akshay.chopra@email.com,(585) 386-6469,M,2025-02-19 00:00:00
450,CUST000450,Raj,Arora,raj.arora@email.com,(681) 932-4943,M,2024-10-06 00:00:00
451,CUST000451,Mary,King,mary.king@email.com,(933) 872-3156,F,2025-05-18 00:00:00
452,CUST000452,Ekaterina,Petrov,ekaterina.petrov@email.com,(531) 863-4495,F,2023-12-10 00:00:00
453,CUST000453,Urszula,Szymanski,urszula.szymanski@email.com,(360) 238-4149,F,2024-06-27 00:00:00
454,CUST000454,Sipho,Kipchoge,sipho.kipchoge@email.com,(583) 799-8600,M,2025-09-06 00:00:00
455,CUST000455,Jin,Lim,jin.lim@email.com,(686) 994-1984,M,2025-02-10 00:00:00
456,CUST000456,Ji,Shimizu,ji.shimizu@email.com,(948) 500-7475,M,2022-05-01 00:00:00
457,CUST000457,Javier,Carrillo,javier.carrillo@email.com,(897) 206-8076,M,2022-11-04 00:00:00
458,CUST000458,Andrey,Solovyev,andrey.solovyev@email.com,(634) 926-5081,M,2025-11-20 00:00:00
459,CUST000459,Patricia,Anderson,patricia.anderson@email.com,(480) 862-3377,F,2020-10-15 00:00:00
460,CUST000460,Sandeep,Rao,sandeep.rao@email.com,(701) 323-7804,M,2024-03-05 00:00:00
461,CUST000461,Lin,Nakashima,lin.nakashima@email.com,(387) 670-7252,F,2021-04-21 00:00:00
462,CUST000462,Pooja,Bhardwaj,pooja.bhardwaj@email.com,(541) 740-3804,F,2025-07-08 00:00:00
463,CUST000463,Margarita,Jimenez,margarita.jimenez@email.com,(213) 449-2799,F,2020-01-24 00:00:00
464,CUST000464,Amina,Tshaka,amina.tshaka@email.com,(600) 222-6598,F,2023-04-04 00:00:00
465,CUST000465,Rekha,Joshi,rekha.joshi@email.com,(856) 540-1894,F,2025-08-16 00:00:00
466,CUST000466,Thabo,Banda,thabo.banda@email.com,(440) 736-9329,M,2023-07-30 00:00:00
467,CUST000467,Robert,King,robert.king@email.com,(310) 698-2404,M,2020-04-11 00:00:00
468,CUST000468,Javier,Reyes,javier.reyes@email.com,(298) 476-2851,M,2022-01-28 00:00:00
469,CUST000469,Kyung,Yoon,kyung.yoon@email.com,(290) 783-1272,M,2022-01-15 00:00:00
470,CUST000470,Oscar,Sanchez,oscar.sanchez@email.com,(365) 910-2284,M,2023-01-17 00:00:00
471,CUST000471,Jan,Grabowski,jan.grabowski@email.com,(968) 859-3588,M,2025-06-02 00:00:00
472,CUST000472,Margaret,Martinez,margaret.martinez@email.com,(636) 954-8983,F,2022-03-18 00:00:00
473,CUST000473,Ahmed,Hanna,ahmed.hanna@email.com,(973) 450-9307,M,2023-04-02 00:00:00
474,CUST000474,Marcus,Tshaka,marcus.tshaka@email.com,(809) 917-1264,M,2025-06-24 00:00:00
475,CUST000475,Zofia,Karpov,zofia.karpov@email.com,(485) 632-5458,F,2023-06-04 00:00:00
476,CUST000476,Tatiana,Popov,tatiana.popov@email.com,(716) 454-4783,F,2021-05-24 00:00:00
477,CUST000477,Abdullah,Salem,abdullah.salem@email.com,(280) 506-1032,M,2025-05-03 00:00:00
478,CUST000478,Harish,Gupta,harish.gupta@email.com,(877) 995-8107,M,2020-03-05 00:00:00
479,CUST000479,Abhinav,Singh,abhinav.singh@email.com,(394) 383-4240,M,2021-09-06 00:00:00
480,CUST000480,Zainab,Mwangi,zainab.mwangi@email.com,(966) 395-8026,F,2022-05-03 00:00:00
481,CUST000481,Hana,Hanna,hana.hanna@email.com,(848) 798-9031,F,2021-02-21 00:00:00
482,CUST000482,Christopher,King,christopher.king@email.com,(616) 631-3957,M,2022-03-23 00:00:00
483,CUST000483,Fernando,Carrillo,fernando.carrillo@email.com,(888) 417-9330,M,2022-11-10 00:00:00
484,CUST000484,Akshay,Trivedi,akshay.trivedi@email.com,(478) 783-9792,M,2020-03-25 00:00:00
485,CUST000485,Karen,Hall,karen.hall@email.com,(322) 418-2264,F,2021-05-21 00:00:00
486,CUST000486,Joseph,Brown,joseph.brown@email.com,(796) 675-8099,M,2023-04-07 00:00:00
487,CUST000487,Halina,Vasiliev,halina.vasiliev@email.com,(781) 961-4264,F,2022-01-20 00:00:00
488,CUST000488,Yuki,Kang,yuki.kang@email.com,(967) 976-4833,F,2021-05-29 00:00:00
489,CUST000489,Seung,Jung,seung.jung@email.com,(734) 534-3891,M,2023-03-20 00:00:00
490,CUST000490,Juan,Jimenez,juan.jimenez@email.com,(323) 924-5205,M,2024-05-21 00:00:00
491,CUST000491,Ming,Watanabe,ming.watanabe@email.com,(908) 288-9950,M,2020-04-28 00:00:00
492,CUST000492,Jennifer,Robinson,jennifer.robinson@email.com,(730) 760-9316,F,2022-04-24 00:00:00
493,CUST000493,Ashok,Shukla,ashok.shukla@email.com,(306) 733-1575,M,2025-07-28 00:00:00
494,CUST000494,Esmeralda,Jimenez,esmeralda.jimenez@email.com,(525) 576-1253,M,2022-01-08 00:00:00
495,CUST000495,Diego,Perez,diego.perez@email.com,(634) 239-6353,M,2023-03-18 00:00:00
496,CUST000496,Pablo,Ramirez,pablo.ramirez@email.com,(640) 536-3247,M,2023-10-27 00:00:00
497,CUST000497,Andrey,Nikolaev,andrey.nikolaev@email.com,(907) 549-9748,M,2023-02-18 00:00:00
498,CUST000498,Pablo,Rodriguez,pablo.rodriguez@email.com,(335) 690-3773,M,2021-09-13 00:00:00
499,CUST000499,Noor,Ibrahim,noor.ibrahim@email.com,(303) 604-5237,F,2025-03-29 00:00:00
500,CUST000500,Gabriela,Perez,gabriela.perez@email.com,(475) 255-6910,M,2022-04-08 00:00:00
501,CUST000501,Min,Jung,min.jung@email.com,(297) 884-1042,M,2023-07-10 00:00:00
502,CUST000502,Ashok,Iyer,ashok.iyer@email.com,(969) 209-7267,M,2023-06-26 00:00:00
503,CUST000503,Patricia,Taylor,patricia.taylor@email.com,(246) 640-5914,F,2021-11-08 00:00:00
504,CUST000504,Anita,Pandey,anita.pandey@email.com,(497) 665-9238,F,2025-04-23 00:00:00
505,CUST000505,Krystyna,Zaborowski,krystyna.zaborowski@email.com,(744) 489-2582,F,2020-07-31 00:00:00
506,CUST000506,Ashok,Sinha,ashok.sinha@email.com,(444) 959-3011,M,2022-12-27 00:00:00
507,CUST000507,Samir,Ahmed,samir.ahmed@email.com,(589) 521-7605,M,2022-05-10 00:00:00
508,CUST000508,Ramon,Perez,ramon.perez@email.com,(824) 391-9699,M,2025-06-03 00:00:00
509,CUST000509,Zainab,Samir,zainab.samir@email.com,(797) 539-9554,F,2023-04-20 00:00:00
510,CUST000510,Pavel,Lebedev,pavel.lebedev@email.com,(980) 813-8541,M,2020-12-19 00:00:00
511,CUST000511,Walid,Nazir,walid.nazir@email.com,(408) 804-8344,M,2021-11-23 00:00:00
512,CUST000512,Vikram,Kulkarni,vikram.kulkarni@email.com,(660) 913-1331,M,2022-02-05 00:00:00
513,CUST000513,Kevin,Garcia,kevin.garcia@email.com,(823) 432-3833,M,2023-03-22 00:00:00
514,CUST000514,Sarah,Thomas,sarah.thomas@email.com,(809) 570-6120,F,2021-01-07 00:00:00
515,CUST000515,Amy,Nakashima,amy.nakashima@email.com,(771) 681-3734,F,2021-10-23 00:00:00
516,CUST000516,Zainab,Hassan,zainab.hassan@email.com,(298) 369-7968,F,2021-07-11 00:00:00
517,CUST000517,Margarita,Soto,margarita.soto@email.com,(671) 553-6082,F,2023-01-29 00:00:00
518,CUST000518,Amira,Bahri,amira.bahri@email.com,(443) 989-4806,F,2020-06-05 00:00:00
519,CUST000519,Ramesh,Verma,ramesh.verma@email.com,(255) 446-7984,M,2021-02-20 00:00:00
520,CUST000520,Jamal,Mensah,jamal.mensah@email.com,(451) 379-7757,M,2020-05-20 00:00:00
521,CUST000521,Harish,Kapoor,harish.kapoor@email.com,(310) 423-3281,M,2024-06-05 00:00:00
522,CUST000522,Kenji,Lee,kenji.lee@email.com,(332) 420-1095,M,2022-02-16 00:00:00
523,CUST000523,Hiroshi,Lim,hiroshi.lim@email.com,(228) 400-6077,M,2022-12-27 00:00:00
524,CUST000524,Sakura,Tanaka,sakura.tanaka@email.com,(963) 900-5649,F,2020-09-01 00:00:00
525,CUST000525,Yolanda,Mboize,yolanda.mboize@email.com,(711) 685-2684,F,2024-11-28 00:00:00
526,CUST000526,Ayanda,Adebisi,ayanda.adebisi@email.com,(989) 319-7022,M,2025-05-09 00:00:00
527,CUST000527,Matthew,Allen,matthew.allen@email.com,(735) 638-7408,M,2023-02-25 00:00:00
528,CUST000528,James,Taylor,james.taylor@email.com,(666) 967-6841,M,2022-10-02 00:00:00
529,CUST000529,Betty,Rodriguez,betty.rodriguez@email.com,(311) 389-5056,F,2024-01-13 00:00:00
530,CUST000530,Harish,Chopra,harish.chopra@email.com,(327) 892-7789,M,2020-12-19 00:00:00
531,CUST000531,Rosa,Sanchez,rosa.sanchez@email.com,(746) 715-2644,F,2025-06-11 00:00:00
532,CUST000532,Marcus,Williams,marcus.williams@email.com,(766) 657-2845,M,2020-12-31 00:00:00
533,CUST000533,Vikram,Bhat,vikram.bhat@email.com,(941) 519-6950,M,2025-04-06 00:00:00
534,CUST000534,Selim,Bashar,selim.bashar@email.com,(849) 461-6234,M,2025-03-23 00:00:00
535,CUST000535,Hiroshi,Chen,hiroshi.chen@email.com,(432) 891-7242,M,2022-05-23 00:00:00
536,CUST000536,Mahesh,Rao,mahesh.rao@email.com,(377) 583-5012,M,2022-04-18 00:00:00
537,CUST000537,Juma,Kiplagat,juma.kiplagat@email.com,(833) 285-8435,M,2025-07-23 00:00:00
538,CUST000538,Amira,Hussein,amira.hussein@email.com,(399) 870-4259,F,2023-07-08 00:00:00
539,CUST000539,Antonio,Vargas,antonio.vargas@email.com,(438) 462-2254,M,2021-12-24 00:00:00
540,CUST000540,Fang,Sato,fang.sato@email.com,(430) 555-5097,F,2023-12-17 00:00:00
541,CUST000541,Rashid,Malik,rashid.malik@email.com,(479) 657-7017,M,2021-07-05 00:00:00
542,CUST000542,Ayanda,Kenyatta,ayanda.kenyatta@email.com,(476) 448-2922,M,2024-02-05 00:00:00
543,CUST000543,Yan,Lee,yan.lee@email.com,(565) 407-9983,F,2021-01-28 00:00:00
544,CUST000544,Nadia,Malema,nadia.malema@email.com,(302) 943-2964,F,2024-06-30 00:00:00
545,CUST000545,Jennifer,Chen,jennifer.chen@email.com,(990) 341-4753,F,2022-01-15 00:00:00
546,CUST000546,Amir,Williams,amir.williams@email.com,(687) 233-8090,M,2023-01-20 00:00:00
547,CUST000547,Marcus,Dlamini,marcus.dlamini@email.com,(830) 431-5490,M,2022-12-05 00:00:00
548,CUST000548,Charles,Clark,charles.clark@email.com,(882) 307-3383,M,2023-11-06 00:00:00
549,CUST000549,Akira,Yamamoto,akira.yamamoto@email.com,(658) 348-9647,M,2021-12-14 00:00:00
550,CUST000550,Richard,Walker,richard.walker@email.com,(308) 781-8354,M,2020-09-29 00:00:00
551,CUST000551,Halina,Pavlov,halina.pavlov@email.com,(488) 321-3892,F,2020-06-17 00:00:00
552,CUST000552,Tanya,Mensah,tanya.mensah@email.com,(435) 998-2032,F,2020-01-20 00:00:00
553,CUST000553,David,Choi,david.choi@email.com,(273) 576-2399,M,2022-04-15 00:00:00
554,CUST000554,Amir,Jaber,amir.jaber@email.com,(534) 760-2294,M,2022-02-27 00:00:00
555,CUST000555,Amara,Kiplagat,amara.kiplagat@email.com,(950) 463-5378,F,2024-07-28 00:00:00
556,CUST000556,Hae,Watanabe,hae.watanabe@email.com,(883) 865-9549,M,2021-08-15 00:00:00
557,CUST000557,Abhinav,Bhat,abhinav.bhat@email.com,(628) 238-3184,M,2021-09-01 00:00:00
558,CUST000558,Kenneth,Thompson,kenneth.thompson@email.com,(869) 519-4690,M,2024-10-23 00:00:00
559,CUST000559,Antonio,Dominguez,antonio.dominguez@email.com,(926) 753-4731,M,2020-09-16 00:00:00
560,CUST000560,Layla,Samir,layla.samir@email.com,(348) 254-9768,F,2021-11-11 00:00:00
561,CUST000561,So,Nakamura,so.nakamura@email.com,(984) 548-3424,M,2023-10-03 00:00:00
562,CUST000562,Arjun,Bhatt,arjun.bhatt@email.com,(389) 356-4907,M,2025-06-29 00:00:00
563,CUST000563,Mark,Thomas,mark.thomas@email.com,(508) 948-8968,M,2021-09-21 00:00:00
564,CUST000564,Vladimir,Wisniewski,vladimir.wisniewski@email.com,(820) 383-4878,M,2024-10-19 00:00:00
565,CUST000565,Jennifer,Kim,jennifer.kim@email.com,(799) 241-1898,F,2024-01-21 00:00:00
566,CUST000566,Joseph,Garcia,joseph.garcia@email.com,(606) 803-1444,M,2021-07-22 00:00:00
567,CUST000567,Urszula,Karpov,urszula.karpov@email.com,(743) 534-8801,F,2025-05-06 00:00:00
568,CUST000568,Michael,Li,michael.li@email.com,(305) 951-4596,M,2025-01-20 00:00:00
569,CUST000569,Pooja,Mishra,pooja.mishra@email.com,(803) 935-9762,F,2022-12-22 00:00:00
570,CUST000570,Priya,Mishra,priya.mishra@email.com,(322) 779-3992,F,2021-08-02 00:00:00
571,CUST000571,Chinedu,Chakraborty,chinedu.chakraborty@email.com,(563) 277-9837,M,2020-01-16 00:00:00
572,CUST000572,Kyung,Hwang,kyung.hwang@email.com,(922) 474-6990,M,2023-02-13 00:00:00
573,CUST000573,Akshay,Iyer,akshay.iyer@email.com,(972) 406-4720,M,2022-06-15 00:00:00
574,CUST000574,Margarita,Lopez,margarita.lopez@email.com,(287) 254-1302,F,2022-01-19 00:00:00
575,CUST000575,Jessica,Garcia,jessica.garcia@email.com,(377) 787-4307,F,2024-04-24 00:00:00
576,CUST000576,Danuta,Petrov,danuta.petrov@email.com,(532) 602-9809,F,2024-05-29 00:00:00
577,CUST000577,Folake,Malema,folake.malema@email.com,(272) 467-3912,M,2021-01-30 00:00:00
578,CUST000578,Kevin,Kang,kevin.kang@email.com,(531) 480-7283,M,2022-07-16 00:00:00
579,CUST000579,Margarita,Torres,margarita.torres@email.com,(388) 457-9295,F,2024-05-13 00:00:00
580,CUST000580,Danuta,Mikhailov,danuta.mikhailov@email.com,(427) 692-5981,F,2021-05-20 00:00:00
581,CUST000581,Diego,Moreno,diego.moreno@email.com,(528) 951-1802,M,2024-09-02 00:00:00
582,CUST000582,Arjun,Nair,arjun.nair@email.com,(847) 554-6274,M,2024-07-03 00:00:00
583,CUST000583,Joshua,King,joshua.king@email.com,(617) 994-4658,M,2022-04-19 00:00:00
584,CUST000584,Rajesh,Tripathi,rajesh.tripathi@email.com,(786) 871-3103,M,2021-03-31 00:00:00
585,CUST000585,Selim,Jaber,selim.jaber@email.com,(942) 595-5394,M,2025-11-07 00:00:00
586,CUST000586,Betty,Robinson,betty.robinson@email.com,(923) 884-3113,F,2022-09-13 00:00:00
587,CUST000587,Ramesh,Desai,ramesh.desai@email.com,(678) 908-6317,M,2022-06-05 00:00:00
588,CUST000588,Richard,Martin,richard.martin@email.com,(330) 253-7280,M,2021-10-16 00:00:00
589,CUST000589,Kevin,Hernandez,kevin.hernandez@email.com,(572) 550-3236,M,2023-11-28 00:00:00
590,CUST000590,Jan,Nikolaev,jan.nikolaev@email.com,(458) 733-2638,M,2023-01-10 00:00:00
591,CUST000591,Suresh,Tripathi,suresh.tripathi@email.com,(209) 744-8629,M,2020-10-14 00:00:00
592,CUST000592,Adeyemi,Banda,adeyemi.banda@email.com,(248) 503-1486,M,2021-03-07 00:00:00
593,CUST000593,Neha,Arora,neha.arora@email.com,(486) 445-5744,F,2022-06-29 00:00:00
594,CUST000594,Min,Nakamura,min.nakamura@email.com,(743) 637-7818,M,2023-04-24 00:00:00
595,CUST000595,Harish,Saxena,harish.saxena@email.com,(264) 907-7800,M,2025-11-02 00:00:00
596,CUST000596,Dolores,Martinez,dolores.martinez@email.com,(878) 307-6762,F,2023-06-12 00:00:00
597,CUST000597,Min,Watanabe,min.watanabe@email.com,(484) 727-5019,M,2025-05-27 00:00:00
598,CUST000598,Rashid,Ibrahim,rashid.ibrahim@email.com,(951) 674-5457,M,2020-02-20 00:00:00
599,CUST000599,Steven,Jackson,steven.jackson@email.com,(956) 252-8914,M,2020-08-19 00:00:00
600,CUST000600,Yuri,Novikov,yuri.novikov@email.com,(948) 300-9620,M,2020-06-19 00:00:00
601,CUST000601,Amir,Kareem,amir.kareem@email.com,(939) 969-8458,M,2024-08-08 00:00:00
602,CUST000602,Kimberly,Moore,kimberly.moore@email.com,(462) 553-5202,F,2025-01-11 00:00:00
603,CUST000603,Rekha,Saxena,rekha.saxena@email.com,(349) 606-4903,F,2025-03-13 00:00:00
604,CUST000604,Fang,Lee,fang.lee@email.com,(514) 235-2220,F,2023-12-21 00:00:00
605,CUST000605,Joshua,Martin,joshua.martin@email.com,(967) 892-7880,M,2025-06-05 00:00:00
606,CUST000606,Viktor,Volkov,viktor.volkov@email.com,(625) 590-1046,M,2021-05-24 00:00:00
607,CUST000607,Margarita,Castillo,margarita.castillo@email.com,(550) 976-5367,F,2020-03-02 00:00:00
608,CUST000608,Lisa,Ito,lisa.ito@email.com,(553) 394-5957,F,2025-10-05 00:00:00
609,CUST000609,Karan,Yadav,karan.yadav@email.com,(276) 458-2735,M,2024-10-19 00:00:00
610,CUST000610,Kofi,Mandela,kofi.mandela@email.com,(610) 774-5537,M,2023-10-02 00:00:00
611,CUST000611,Hae,Choi,hae.choi@email.com,(519) 587-8745,M,2023-06-28 00:00:00
612,CUST000612,Ramesh,Bhatt,ramesh.bhatt@email.com,(994) 214-6471,M,2022-09-22 00:00:00
613,CUST000613,Yolanda,Banda,yolanda.banda@email.com,(952) 333-2210,F,2023-04-24 00:00:00
614,CUST000614,Divya,Sinha,divya.sinha@email.com,(880) 936-3273,F,2024-09-10 00:00:00
615,CUST000615,Andrzej,Sokolov,andrzej.sokolov@email.com,(968) 206-8093,M,2021-12-25 00:00:00
616,CUST000616,Esmeralda,Ruiz,esmeralda.ruiz@email.com,(861) 782-7997,M,2022-12-26 00:00:00
617,CUST000617,Angelina,Carrillo,angelina.carrillo@email.com,(865) 796-7429,F,2024-02-07 00:00:00
618,CUST000618,Amira,Yousef,amira.yousef@email.com,(552) 414-8669,F,2022-02-13 00:00:00
619,CUST000619,Ashok,Kumar,ashok.kumar@email.com,(710) 240-2432,M,2022-12-01 00:00:00
620,CUST000620,Jun,Kobayashi,jun.kobayashi@email.com,(810) 915-9445,M,2022-04-10 00:00:00
621,CUST000621,Rayan,Rahman,rayan.rahman@email.com,(452) 347-8265,M,2023-02-14 00:00:00
622,CUST000622,Abhinav,Bhatt,abhinav.bhatt@email.com,(231) 973-6406,M,2022-12-24 00:00:00
623,CUST000623,Kimberly,Jones,kimberly.jones@email.com,(313) 616-4414,F,2020-12-06 00:00:00
624,CUST000624,Sarah,Yamada,sarah.yamada@email.com,(593) 689-5779,F,2023-02-11 00:00:00
625,CUST000625,Juma,Williams,juma.williams@email.com,(621) 494-6037,M,2024-04-16 00:00:00
626,CUST000626,Fang,Tanaka,fang.tanaka@email.com,(377) 926-4054,F,2025-07-25 00:00:00
627,CUST000627,Arjun,Sinha,arjun.sinha@email.com,(409) 906-1677,M,2024-02-23 00:00:00
628,CUST000628,Hanae,Hwang,hanae.hwang@email.com,(627) 621-4295,F,2021-07-15 00:00:00
629,CUST000629,Tariq,Jaber,tariq.jaber@email.com,(882) 916-6917,M,2020-08-11 00:00:00
630,CUST000630,Akira,Ito,akira.ito@email.com,(519) 449-3326,M,2021-12-14 00:00:00
631,CUST000631,Kamau,Mensah,kamau.mensah@email.com,(941) 628-3249,M,2023-11-11 00:00:00
632,CUST000632,Andrzej,Szymanski,andrzej.szymanski@email.com,(600) 869-9866,M,2024-04-10 00:00:00
633,CUST000633,Ramon,Garcia,ramon.garcia@email.com,(757) 319-2269,M,2025-08-18 00:00:00
634,CUST000634,Paul,Clark,paul.clark@email.com,(910) 593-3939,M,2022-04-01 00:00:00
635,CUST000635,Rayan,Hanna,rayan.hanna@email.com,(207) 547-1005,M,2020-03-28 00:00:00
636,CUST000636,Wei,Yamada,wei.yamada@email.com,(391) 803-9117,M,2023-12-28 00:00:00
637,CUST000637,Zofia,Novikov,zofia.novikov@email.com,(800) 363-4990,F,2022-02-03 00:00:00
638,CUST000638,Ramon,Lopez,ramon.lopez@email.com,(480) 218-1563,M,2023-08-12 00:00:00
639,CUST000639,Jessica,Young,jessica.young@email.com,(545) 413-2901,F,2022-09-25 00:00:00
640,CUST000640,Manuel,Hernandez,manuel.hernandez@email.com,(272) 923-9132,M,2022-05-07 00:00:00
641,CUST000641,Samir,Adel,samir.adel@email.com,(553) 634-7518,M,2023-03-03 00:00:00
642,CUST000642,Miguel,Hernandez,miguel.hernandez@email.com,(759) 525-7337,M,2024-10-11 00:00:00
643,CUST000643,Kenneth,Anderson,kenneth.anderson@email.com,(641) 464-3385,M,2023-11-20 00:00:00
644,CUST000644,Daniel,Williams,daniel.williams@email.com,(670) 456-6108,M,2020-04-13 00:00:00
645,CUST000645,David,Tanaka,david.tanaka@email.com,(512) 573-2472,M,2024-06-12 00:00:00
646,CUST000646,Natalia,Antonov,natalia.antonov@email.com,(295) 476-9841,F,2023-07-30 00:00:00
647,CUST000647,Sandeep,Menon,sandeep.menon@email.com,(237) 468-9463,M,2022-12-02 00:00:00
648,CUST000648,Nikhil,Iyer,nikhil.iyer@email.com,(213) 474-6617,M,2022-08-31 00:00:00
649,CUST000649,Donna,Martin,donna.martin@email.com,(894) 590-6906,F,2023-11-18 00:00:00
650,CUST000650,Karim,Nazir,karim.nazir@email.com,(638) 370-8783,M,2021-06-02 00:00:00
651,CUST000651,Elena,Volkov,elena.volkov@email.com,(807) 300-8826,F,2022-01-14 00:00:00
652,CUST000652,Wanda,Dąbrowski,wanda.dąbrowski@email.com,(431) 996-7440,F,2022-02-21 00:00:00
653,CUST000653,Carmen,Navarro,carmen.navarro@email.com,(516) 370-4490,F,2025-03-07 00:00:00
654,CUST000654,Dina,Rashid,dina.rashid@email.com,(746) 624-3157,F,2023-03-15 00:00:00
655,CUST000655,Mandla,Sizwe,mandla.sizwe@email.com,(411) 663-3730,M,2025-03-07 00:00:00
656,CUST000656,Maria,Ruiz,maria.ruiz@email.com,(534) 719-7139,F,2023-02-06 00:00:00
657,CUST000657,Viktor,Piotrowski,viktor.piotrowski@email.com,(804) 470-2801,M,2021-11-29 00:00:00
658,CUST000658,Mahesh,Trivedi,mahesh.trivedi@email.com,(494) 737-5825,M,2020-02-15 00:00:00
659,CUST000659,Anna,Szymanski,anna.szymanski@email.com,(637) 254-5759,F,2025-01-16 00:00:00
660,CUST000660,Adriana,Iglesias,adriana.iglesias@email.com,(595) 220-2166,M,2024-08-14 00:00:00
661,CUST000661,Busisiwe,Mohammed,busisiwe.mohammed@email.com,(851) 369-6114,F,2020-05-20 00:00:00
662,CUST000662,Bhavesh,Patel,bhavesh.patel@email.com,(737) 371-9331,M,2024-03-22 00:00:00
663,CUST000663,Kumar,Rao,kumar.rao@email.com,(647) 383-3605,M,2024-12-13 00:00:00
664,CUST000664,Maria,Lim,maria.lim@email.com,(393) 957-8601,F,2021-04-14 00:00:00
665,CUST000665,Ngozi,Sizwe,ngozi.sizwe@email.com,(518) 220-3464,F,2023-12-23 00:00:00
666,CUST000666,Daniel,Walker,daniel.walker@email.com,(213) 766-1635,M,2025-10-09 00:00:00
667,CUST000667,Ngozi,Mboize,ngozi.mboize@email.com,(648) 655-2563,F,2024-11-15 00:00:00
668,CUST000668,Ngozi,Mohammed,ngozi.mohammed@email.com,(285) 458-2767,F,2024-01-14 00:00:00
669,CUST000669,Sandeep,Verma,sandeep.verma@email.com,(659) 280-7849,M,2022-12-26 00:00:00
670,CUST000670,Sung,Chen,sung.chen@email.com,(743) 781-6531,M,2024-03-31 00:00:00
671,CUST000671,Luis,Reyes,luis.reyes@email.com,(756) 529-7592,M,2023-10-15 00:00:00
672,CUST000672,Daniel,Jackson,daniel.jackson@email.com,(985) 365-5481,M,2020-05-17 00:00:00
673,CUST000673,Adebayo,Nyathi,adebayo.nyathi@email.com,(885) 355-6370,M,2022-03-29 00:00:00
674,CUST000674,Sarah,Rodriguez,sarah.rodriguez@email.com,(757) 939-3128,F,2024-07-17 00:00:00
675,CUST000675,Jin,Nakamura,jin.nakamura@email.com,(934) 580-1641,M,2023-09-08 00:00:00
676,CUST000676,Lei,Hwang,lei.hwang@email.com,(577) 701-7960,M,2022-11-19 00:00:00
677,CUST000677,Joseph,Lewis,joseph.lewis@email.com,(940) 538-1027,M,2023-02-18 00:00:00
678,CUST000678,Raj,Kulkarni,raj.kulkarni@email.com,(571) 495-6610,M,2022-11-22 00:00:00
679,CUST000679,Harish,Kulkarni,harish.kulkarni@email.com,(406) 626-1307,M,2023-02-24 00:00:00
680,CUST000680,Dariusz,Szymanski,dariusz.szymanski@email.com,(306) 958-9056,M,2021-03-03 00:00:00
681,CUST000681,Joshua,Lewis,joshua.lewis@email.com,(920) 829-5758,M,2022-03-20 00:00:00
682,CUST000682,Yasmin,Jaber,yasmin.jaber@email.com,(386) 220-3592,F,2022-05-20 00:00:00
683,CUST000683,Mara,Salem,mara.salem@email.com,(590) 670-7185,F,2023-04-17 00:00:00
684,CUST000684,Noor,Bahri,noor.bahri@email.com,(480) 762-4072,F,2024-02-07 00:00:00
685,CUST000685,Sung,Lee,sung.lee@email.com,(637) 386-1264,M,2022-01-10 00:00:00
686,CUST000686,Rima,Mohammed,rima.mohammed@email.com,(388) 917-8972,F,2023-02-07 00:00:00
687,CUST000687,Rayan,Hassan,rayan.hassan@email.com,(948) 897-8974,M,2024-11-01 00:00:00
688,CUST000688,Fang,Wong,fang.wong@email.com,(217) 820-6547,F,2020-05-04 00:00:00
689,CUST000689,Farhan,Aziz,farhan.aziz@email.com,(711) 371-1850,M,2025-04-21 00:00:00
690,CUST000690,Sung,Okada,sung.okada@email.com,(929) 228-4725,M,2021-12-17 00:00:00
691,CUST000691,Steven,Walker,steven.walker@email.com,(437) 263-8730,M,2023-05-18 00:00:00
692,CUST000692,Seung,Matsumoto,seung.matsumoto@email.com,(452) 859-4227,M,2020-11-28 00:00:00
693,CUST000693,Kevin,King,kevin.king@email.com,(579) 428-3127,M,2021-04-28 00:00:00
694,CUST000694,Steven,Jung,steven.jung@email.com,(913) 249-1068,M,2022-01-26 00:00:00
695,CUST000695,Amira,Rashid,amira.rashid@email.com,(342) 612-9850,F,2024-10-30 00:00:00
696,CUST000696,Jose,Molina,jose.molina@email.com,(437) 756-3255,M,2021-11-01 00:00:00
697,CUST000697,Esmeralda,Valenzuela,esmeralda.valenzuela@email.com,(850) 707-6616,M,2025-08-25 00:00:00
698,CUST000698,Jennifer,Watanabe,jennifer.watanabe@email.com,(918) 606-9195,F,2025-07-16 00:00:00
699,CUST000699,Vanessa,Garcia,vanessa.garcia@email.com,(599) 305-8475,M,2022-04-18 00:00:00
700,CUST000700,Carlos,Navarro,carlos.navarro@email.com,(408) 545-5099,M,2023-08-12 00:00:00
701,CUST000701,Kwame,Adebisi,kwame.adebisi@email.com,(574) 972-7842,M,2022-02-03 00:00:00
702,CUST000702,Jae,Yoon,jae.yoon@email.com,(382) 886-8705,M,2023-03-12 00:00:00
703,CUST000703,Elizabeth,Walker,elizabeth.walker@email.com,(503) 766-5735,F,2020-02-05 00:00:00
704,CUST000704,Barbara,Mikhailov,barbara.mikhailov@email.com,(717) 484-1399,F,2024-01-24 00:00:00
705,CUST000705,Hiroshi,Jung,hiroshi.jung@email.com,(438) 512-1082,M,2021-06-16 00:00:00
706,CUST000706,Yuki,Tanaka,yuki.tanaka@email.com,(559) 607-9006,F,2022-11-07 00:00:00
707,CUST000707,Betty,White,betty.white@email.com,(837) 345-9061,F,2025-07-23 00:00:00
708,CUST000708,Arjun,Bhat,arjun.bhat@email.com,(566) 596-8347,M,2025-01-18 00:00:00
709,CUST000709,Lucia,Jimenez,lucia.jimenez@email.com,(496) 469-6247,F,2025-07-30 00:00:00
710,CUST000710,Akshay,Menon,akshay.menon@email.com,(398) 479-6417,M,2022-06-25 00:00:00
711,CUST000711,Zainab,Thembi,zainab.thembi@email.com,(782) 679-5591,F,2022-11-20 00:00:00
712,CUST000712,Sandeep,Desai,sandeep.desai@email.com,(277) 536-7997,M,2023-01-16 00:00:00
713,CUST000713,Yuri,Ivanov,yuri.ivanov@email.com,(227) 616-4333,M,2021-05-27 00:00:00
714,CUST000714,Yolanda,Moyo,yolanda.moyo@email.com,(985) 229-1670,F,2022-01-25 00:00:00
715,CUST000715,Kenji,Choi,kenji.choi@email.com,(293) 687-3843,M,2021-05-30 00:00:00
716,CUST000716,Sakura,Nakashima,sakura.nakashima@email.com,(434) 359-7853,F,2023-04-10 00:00:00
717,CUST000717,Tadeusz,Nowak,tadeusz.nowak@email.com,(681) 816-7509,M,2021-07-23 00:00:00
718,CUST000718,Irina,Belov,irina.belov@email.com,(474) 742-2372,F,2025-04-08 00:00:00
719,CUST000719,Andrey,Antonov,andrey.antonov@email.com,(689) 532-4583,M,2021-09-02 00:00:00
720,CUST000720,Betty,Thomas,betty.thomas@email.com,(920) 298-4156,F,2025-12-13 00:00:00
721,CUST000721,Tatiana,Lewandowski,tatiana.lewandowski@email.com,(589) 468-9529,F,2022-09-06 00:00:00
722,CUST000722,Amir,Kipchoge,amir.kipchoge@email.com,(393) 829-2768,M,2020-07-03 00:00:00
723,CUST000723,Jose,Valenzuela,jose.valenzuela@email.com,(596) 724-5040,M,2023-05-11 00:00:00
724,CUST000724,Rima,Rahman,rima.rahman@email.com,(623) 713-2145,F,2023-01-07 00:00:00
725,CUST000725,Kevin,Chang,kevin.chang@email.com,(799) 458-1862,M,2025-08-27 00:00:00
726,CUST000726,Sandeep,Reddy,sandeep.reddy@email.com,(947) 292-7469,M,2021-04-06 00:00:00
727,CUST000727,Krzysztof,Piotrowski,krzysztof.piotrowski@email.com,(785) 978-3700,M,2022-07-30 00:00:00
728,CUST000728,Lerato,Dlamini,lerato.dlamini@email.com,(796) 770-5638,M,2023-05-31 00:00:00
729,CUST000729,Angelina,Medina,angelina.medina@email.com,(408) 916-8944,F,2021-08-11 00:00:00
730,CUST000730,Patricia,Jones,patricia.jones@email.com,(407) 764-2682,F,2023-10-23 00:00:00
731,CUST000731,Girish,Rao,girish.rao@email.com,(473) 561-2400,M,2024-06-28 00:00:00
732,CUST000732,Charles,Anderson,charles.anderson@email.com,(921) 413-9808,M,2020-10-07 00:00:00
733,CUST000733,Matthew,Smith,matthew.smith@email.com,(983) 427-2128,M,2020-01-09 00:00:00
734,CUST000734,Ahmed,Bashar,ahmed.bashar@email.com,(959) 627-5350,M,2025-03-09 00:00:00
735,CUST000735,Wanda,Volkov,wanda.volkov@email.com,(575) 378-8960,F,2020-02-10 00:00:00
736,CUST000736,Lerato,Nkosi,lerato.nkosi@email.com,(309) 360-6402,M,2022-06-07 00:00:00
737,CUST000737,Elena,Piotrowski,elena.piotrowski@email.com,(785) 623-4219,F,2022-04-11 00:00:00
738,CUST000738,Oleksandr,Mikhailov,oleksandr.mikhailov@email.com,(617) 275-3604,M,2025-01-14 00:00:00
739,CUST000739,Lin,Yamada,lin.yamada@email.com,(236) 565-8159,F,2021-09-08 00:00:00
740,CUST000740,Jorge,Pena,jorge.pena@email.com,(424) 935-7778,M,2021-05-26 00:00:00
741,CUST000741,Akshay,Patel,akshay.patel@email.com,(954) 770-8833,M,2020-10-06 00:00:00
742,CUST000742,Noor,Mohammed,noor.mohammed@email.com,(549) 516-1153,F,2021-02-07 00:00:00
743,CUST000743,Kimberly,Martinez,kimberly.martinez@email.com,(946) 764-5991,F,2025-08-03 00:00:00
744,CUST000744,Kevin,Jung,kevin.jung@email.com,(417) 860-1805,M,2024-12-12 00:00:00
745,CUST000745,Omar,Rashid,omar.rashid@email.com,(795) 301-7169,M,2021-02-18 00:00:00
746,CUST000746,Hana,Kareem,hana.kareem@email.com,(511) 616-1470,F,2025-05-13 00:00:00
747,CUST000747,Enrique,Molina,enrique.molina@email.com,(753) 294-8199,M,2022-09-18 00:00:00
748,CUST000748,Kofi,Mwangi,kofi.mwangi@email.com,(515) 971-1405,M,2023-11-25 00:00:00
749,CUST000749,Ramesh,Gupta,ramesh.gupta@email.com,(954) 617-8854,M,2025-01-20 00:00:00
750,CUST000750,Yuki,Sato,yuki.sato@email.com,(653) 460-7962,F,2023-07-19 00:00:00
